formula,oqmd_n_entries,oqmd_formation_meV,oqmd_hull_meV,mp_n_entries,mp_formation_meV,mp_hull_meV,alex_pbe_n_entries,alex_pbe_formation_meV,alex_pbe_hull_meV,alex_pbesol_n_entries,alex_pbesol_formation_meV,alex_pbesol_hull_meV
MoTiTa2,3,-67.4,44.9,1,4555.4,4607.5,8,-77.3,40.5,1,-44.7,65.0
MoTi2Ta,2,-67.1,43.4,0,,,7,-92.8,9.2,1,59.9,154.0
HfTa4Zr,0,,,0,,,1,69.6,74.6,0,,
HfMoTa2,2,32.5,142.6,0,,,6,-74.2,43.7,0,,
MoTaZr2,2,94.5,191.8,0,,,20,-15.7,85.9,5,-7.2,86.9
Hf2MoTi,3,12.9,116.1,0,,,5,22.8,111.8,1,49.0,113.0
HfMoTi,5,-11.1,126.5,0,,,5,-92.5,26.2,0,,
Nb2TaZr,1,74.9,78.1,0,,,5,44.6,65.4,1,66.2,66.2
NbTa2Zr,1,114.4,118.0,0,,,4,72.9,86.0,1,107.2,107.2
Hf2MoNb,2,78.6,144.2,0,,,5,40.1,121.0,1,77.8,138.6
MoNbZr2,2,88.4,149.2,0,,,4,82.4,155.5,0,,
Mo3NbTi2,0,,,0,,,2,-83.9,59.1,0,,
HfMo2Zr,3,44.1,171.9,0,,,4,26.9,163.9,1,47.7,169.2
Hf2MoRe3,0,,,0,,,2,-346.0,0.1,0,,
Hf2Nb3Ru,0,,,0,,,0,,,0,,
Mo3NbRu2,0,,,0,,,0,,,0,,
MoNbRu2,3,117.8,274.3,0,,,6,-25.1,138.3,0,,
Cu5GePd6,1,-256.0,-19.6,0,,,2,-221.3,-15.9,0,,
Hf2MoIr,9,-607.5,-12.0,1,-618.8,-9.1,4,-611.6,3.7,1,-607.8,-21.2
CuNb3Zr2,0,,,0,,,1,14.2,72.9,0,,
ScCuPd2,4,-692.6,17.7,1,-630.3,33.2,7,-683.0,4.8,3,-715.1,-59.3
MoNbTa2,3,-80.6,29.6,1,4761.6,4815.2,8,-107.6,18.3,1,-78.4,31.2
MoNb2Ta,3,-64.1,33.3,1,4612.6,4666.2,11,-110.5,3.1,0,,
ScCu4Pd,2,-344.0,-24.2,0,,,1,-292.6,3.9,0,,
Sc3CuPd2,1,-701.4,-3.0,0,,,7,-686.3,4.9,1,-685.3,-5.3
Sc2CuPd,2,-591.0,4.8,2,-583.9,-1.3,7,-582.2,-0.7,1,-576.6,4.1
La2PdAu2,1,-847.0,-0.8,0,,,5,-843.9,11.9,1,-702.1,92.5
ScPd2Au,4,-840.3,6.4,1,1259.9,2078.0,5,-827.1,-4.7,1,-723.9,78.0
ScPd5Au2,1,-489.4,2.8,0,,,1,-475.0,9.9,0,,
Sc2Pd5Au,1,-875.4,-9.6,1,-848.0,-12.9,2,-866.0,-34.7,0,,
MnAl2Au6,1,-254.7,-0.6,0,,,1,-248.5,3.2,0,,
GdGePt2,5,-1017.4,-32.5,0,,,3,-996.3,-25.4,1,-1016.3,-27.9
NiGe2Pt,5,-400.8,-5.8,0,,,4,-368.9,17.9,0,,
ZrSiPt5,1,-939.1,-41.8,1,-1026.6,-41.8,1,-917.1,-21.5,0,,
La5Al3Co2,1,-329.8,-0.7,0,,,0,,,0,,
Al4FeCo3,1,-561.1,-6.5,0,,,5,-546.9,-3.2,0,,
Al8FeCo7,1,-591.1,-3.4,1,-522.2,12.1,0,,,0,,
Gd3CoSn6,1,-635.8,-25.1,0,,,0,,,0,,
GdCo4Sn6,1,-311.0,-4.1,0,,,1,-253.7,-11.2,1,-320.1,-19.8
TiGePt5,1,-707.0,-18.8,0,,,1,-687.3,-34.0,0,,
Ti2GePt8,1,-765.4,-3.9,1,-830.4,-45.4,1,-638.2,103.0,0,,
TiSiPt5,1,-839.8,-16.5,0,,,1,-818.8,-25.6,0,,
Ti2SiPt8,1,-850.8,-4.8,0,,,1,-734.6,90.4,0,,
GdFeGe3,2,-471.4,-19.0,0,,,1,-474.2,-30.6,1,-552.9,-54.4
Gd2Fe3Ge5,2,-476.3,-8.6,0,,,0,,,0,,
GdFeGe2,3,-545.2,0.2,0,,,2,-539.4,-6.3,1,-614.3,-13.6
GaHf2Nb,2,-148.8,157.5,0,,,6,-250.0,61.0,0,,
GaNbZr2,2,-185.8,163.7,0,,,5,-272.5,77.8,0,,
Nb5Si2V,0,,,0,,,0,,,0,,
CoSiY,13,-756.7,-42.9,1,-672.5,16.9,10,-747.1,-31.1,3,-816.8,-47.8
CoSi3Y,3,-665.9,-17.3,0,,,4,-663.0,-14.9,2,-765.6,-28.4
Al3Cu2Y,1,-437.5,-10.8,0,,,2,-414.4,-3.0,1,-443.3,-7.1
CuSnY,10,-647.6,-69.1,1,-600.7,-69.0,26,-598.4,-69.6,5,-659.2,-73.1
B2NbNi2,1,-504.9,12.1,0,,,3,-509.2,23.0,1,-578.5,-15.8
C2CrSc,2,-345.3,-10.0,2,-340.5,26.1,4,-345.3,26.8,1,-432.4,-23.7
C2LaRu,2,-176.9,0.9,0,,,12,-156.7,28.3,1,-166.0,-21.7
LaNiSi3,2,-678.2,-24.7,0,,,5,-675.0,-5.2,2,-758.2,-32.4
Re4TaZr,0,,,0,,,1,-188.7,141.0,0,,
Mo3Os0.5Ge0.5,0,,,0,,,0,,,0,,
