formula,hull_sources,hull_source_count,hull_oqmd,hull_mp,hull_alex_pbe,hull_alex_pbesol
Al3Cu2Y,"['OQMD', 'Alexandria PBE', 'Alexandria PBEsol']",3,True,False,True,True
Al4FeCo3,"['OQMD', 'Alexandria PBE']",2,True,False,True,False
Al8FeCo7,"['OQMD', 'MP']",2,True,True,False,False
B2NbNi2,['Alexandria PBEsol'],1,False,False,False,True
C2CrSc,"['OQMD', 'MP', 'Alexandria PBEsol']",3,True,True,False,True
C2LaRu,['Alexandria PBEsol'],1,False,False,False,True
CoSi3Y,"['OQMD', 'Alexandria PBE', 'Alexandria PBEsol']",3,True,False,True,True
CoSiY,"['OQMD', 'MP', 'Alexandria PBE', 'Alexandria PBEsol']",4,True,True,True,True
Cu5GePd6,"['OQMD', 'Alexandria PBE']",2,True,False,True,False
CuNb3Zr2,[],0,False,False,False,False
CuSnY,"['OQMD', 'MP', 'Alexandria PBE', 'Alexandria PBEsol']",4,True,True,True,True
GaHf2Nb,[],0,False,False,False,False
GaNbZr2,[],0,False,False,False,False
Gd2Fe3Ge5,['OQMD'],1,True,False,False,False
Gd3CoSn6,['OQMD'],1,True,False,False,False
GdCo4Sn6,"['OQMD', 'Alexandria PBE', 'Alexandria PBEsol']",3,True,False,True,True
GdFeGe2,"['Alexandria PBE', 'Alexandria PBEsol']",2,False,False,True,True
GdFeGe3,"['OQMD', 'Alexandria PBE', 'Alexandria PBEsol']",3,True,False,True,True
GdGePt2,"['OQMD', 'Alexandria PBE', 'Alexandria PBEsol']",3,True,False,True,True
Hf2MoIr,"['OQMD', 'MP', 'Alexandria PBEsol']",3,True,True,False,True
Hf2MoNb,[],0,False,False,False,False
Hf2MoRe3,['Alexandria PBE'],1,False,False,True,False
Hf2MoTi,[],0,False,False,False,False
Hf2Nb3Ru,[],0,False,False,False,False
HfMo2Zr,[],0,False,False,False,False
HfMoTa2,[],0,False,False,False,False
HfMoTi,[],0,False,False,False,False
HfTa4Zr,[],0,False,False,False,False
La2PdAu2,['OQMD'],1,True,False,False,False
La5Al3Co2,['OQMD'],1,True,False,False,False
LaNiSi3,"['OQMD', 'Alexandria PBE', 'Alexandria PBEsol']",3,True,False,True,True
MnAl2Au6,['OQMD'],1,True,False,False,False
Mo3NbRu2,[],0,False,False,False,False
Mo3NbTi2,[],0,False,False,False,False
Mo3Os0.5Ge0.5,[],0,False,False,False,False
MoNb2Ta,[],0,False,False,False,False
MoNbRu2,[],0,False,False,False,False
MoNbTa2,[],0,False,False,False,False
MoNbZr2,[],0,False,False,False,False
MoTaZr2,[],0,False,False,False,False
MoTi2Ta,[],0,False,False,False,False
MoTiTa2,[],0,False,False,False,False
Nb2TaZr,[],0,False,False,False,False
Nb5Si2V,[],0,False,False,False,False
NbTa2Zr,[],0,False,False,False,False
NiGe2Pt,['OQMD'],1,True,False,False,False
Re4TaZr,[],0,False,False,False,False
Sc2CuPd,"['MP', 'Alexandria PBE']",2,False,True,True,False
Sc2Pd5Au,"['OQMD', 'MP', 'Alexandria PBE']",3,True,True,True,False
Sc3CuPd2,"['OQMD', 'Alexandria PBEsol']",2,True,False,False,True
ScCu4Pd,['OQMD'],1,True,False,False,False
ScCuPd2,['Alexandria PBEsol'],1,False,False,False,True
ScPd2Au,['Alexandria PBE'],1,False,False,True,False
ScPd5Au2,[],0,False,False,False,False
Ti2GePt8,"['OQMD', 'MP']",2,True,True,False,False
Ti2SiPt8,['OQMD'],1,True,False,False,False
TiGePt5,"['OQMD', 'Alexandria PBE']",2,True,False,True,False
TiSiPt5,"['OQMD', 'Alexandria PBE']",2,True,False,True,False
ZrSiPt5,"['OQMD', 'MP', 'Alexandria PBE']",3,True,True,True,False
