release,formula,mat_id,e_form_eV_atom,e_above_hull_eV_atom,e_phase_separation_eV_atom,energy_eV_atom,n_sites,spg,cif
pbe_2025.07.02,Al3Cu2Y,agm002195698,-0.4144151,0.0,-0.0029736944,-4.751010146666666,6,191,data/external/alexandria_hull_structures/pbe_2025.07.02/Al3Cu2Y_agm002195698.cif
pbe_2025.07.02,Al3Cu2Y,agm003434950,-0.32008022,0.09433505,0.091361165,-4.656675286666666,12,63,data/external/alexandria_hull_structures/pbe_2025.07.02/Al3Cu2Y_agm003434950.cif
pbe_2025.07.02,Al4FeCo3,agm035677469,-0.54689294,0.0,-0.003581107,-6.1489179125,8,166,data/external/alexandria_hull_structures/pbe_2025.07.02/Al4FeCo3_agm035677469.cif
pbe_2025.07.02,Al4FeCo3,agm039093546,-0.54424393,0.0026485687,-0.00093212567,-6.14626893125,8,123,data/external/alexandria_hull_structures/pbe_2025.07.02/Al4FeCo3_agm039093546.cif
pbe_2025.07.02,Al4FeCo3,agm012462346,-0.5424647,0.0044278423,0.00084714807,-6.1444896575,8,139,data/external/alexandria_hull_structures/pbe_2025.07.02/Al4FeCo3_agm012462346.cif
pbe_2025.07.02,Al4FeCo3,agm017786931,-0.5419925,0.0049000164,0.0013193218,-6.14401748375,8,47,data/external/alexandria_hull_structures/pbe_2025.07.02/Al4FeCo3_agm017786931.cif
pbe_2025.07.02,Al4FeCo3,agm005974366,-0.5377194,0.00917308,0.005592386,-6.13974442,8,123,data/external/alexandria_hull_structures/pbe_2025.07.02/Al4FeCo3_agm005974366.cif
pbe_2025.07.02,B2NbNi2,agm002254632,-0.5091702,0.023034917,0.023034917,-7.507648553999999,5,139,data/external/alexandria_hull_structures/pbe_2025.07.02/B2NbNi2_agm002254632.cif
pbe_2025.07.02,B2NbNi2,agm005916165,-0.49469852,0.037506532,0.037506532,-7.493176938,10,36,data/external/alexandria_hull_structures/pbe_2025.07.02/B2NbNi2_agm005916165.cif
pbe_2025.07.02,B2NbNi2,agm003404004,-0.46729323,0.064911835,0.064911835,-7.465771635,10,74,data/external/alexandria_hull_structures/pbe_2025.07.02/B2NbNi2_agm003404004.cif
pbe_2025.07.02,C2CrSc,agm002202008,-0.34525207,0.026818732,0.026818732,-8.945921955,8,194,data/external/alexandria_hull_structures/pbe_2025.07.02/C2CrSc_agm002202008.cif
pbe_2025.07.02,C2CrSc,agm001954307,-0.14554562,0.2265252,0.2265252,-8.74621549,4,166,data/external/alexandria_hull_structures/pbe_2025.07.02/C2CrSc_agm001954307.cif
pbe_2025.07.02,C2CrSc,agm002806424,0.19209781,0.56416863,0.56416863,-8.40857206125,8,122,data/external/alexandria_hull_structures/pbe_2025.07.02/C2CrSc_agm002806424.cif
pbe_2025.07.02,C2CrSc,agm002651546,0.6599417,1.0320125,1.0320125,-7.9407281875,4,225,data/external/alexandria_hull_structures/pbe_2025.07.02/C2CrSc_agm002651546.cif
pbe_2025.07.02,C2LaRu,agm003187132,-0.15668207,0.028256183,0.028256183,-8.3194427625,4,38,data/external/alexandria_hull_structures/pbe_2025.07.02/C2LaRu_agm003187132.cif
pbe_2025.07.02,C2LaRu,agm005616899,-0.15307133,0.031866938,0.031866938,-8.31583201,16,76,data/external/alexandria_hull_structures/pbe_2025.07.02/C2LaRu_agm005616899.cif
pbe_2025.07.02,C2LaRu,agm002043098,-0.027806398,0.15713187,0.15713187,-8.190567084375,16,12,data/external/alexandria_hull_structures/pbe_2025.07.02/C2LaRu_agm002043098.cif
pbe_2025.07.02,C2LaRu,agm002043100,-0.0023001812,0.18263808,0.18263808,-8.16506086875,8,1,data/external/alexandria_hull_structures/pbe_2025.07.02/C2LaRu_agm002043100.cif
pbe_2025.07.02,C2LaRu,agm002043104,0.0014216757,0.18635994,0.18635994,-8.161339011875,16,12,data/external/alexandria_hull_structures/pbe_2025.07.02/C2LaRu_agm002043104.cif
pbe_2025.07.02,C2LaRu,agm002043096,0.030771896,0.21571015,0.21571015,-8.13198879125,8,1,data/external/alexandria_hull_structures/pbe_2025.07.02/C2LaRu_agm002043096.cif
pbe_2025.07.02,C2LaRu,agm002043103,0.046406362,0.23134463,0.23134463,-8.11635432625,8,1,data/external/alexandria_hull_structures/pbe_2025.07.02/C2LaRu_agm002043103.cif
pbe_2025.07.02,C2LaRu,agm002043105,0.05160682,0.23654509,0.23654509,-8.111153866875,16,8,data/external/alexandria_hull_structures/pbe_2025.07.02/C2LaRu_agm002043105.cif
pbe_2025.07.02,C2LaRu,agm002043099,0.054941922,0.23988017,0.23988017,-8.10781876625,8,1,data/external/alexandria_hull_structures/pbe_2025.07.02/C2LaRu_agm002043099.cif
pbe_2025.07.02,C2LaRu,agm002807639,0.2863949,0.47133315,0.47133315,-7.87636578875,8,122,data/external/alexandria_hull_structures/pbe_2025.07.02/C2LaRu_agm002807639.cif
pbe_2025.07.02,C2LaRu,agm001934106,0.4409918,0.6259301,0.6259301,-7.7217688975,4,166,data/external/alexandria_hull_structures/pbe_2025.07.02/C2LaRu_agm001934106.cif
pbe_2025.07.02,C2LaRu,agm002652791,0.97718996,1.1621282,1.1621282,-7.18557074,4,225,data/external/alexandria_hull_structures/pbe_2025.07.02/C2LaRu_agm002652791.cif
pbe_2025.07.02,CoSi3Y,agm002316396,-0.6629616,0.0,-0.014900355,-6.6341385399999995,5,107,data/external/alexandria_hull_structures/pbe_2025.07.02/CoSi3Y_agm002316396.cif
pbe_2025.07.02,CoSi3Y,agm002186758,-0.6547971,0.008164358,-0.0067358566,-6.625974042,10,65,data/external/alexandria_hull_structures/pbe_2025.07.02/CoSi3Y_agm002186758.cif
pbe_2025.07.02,CoSi3Y,agm002604652,-0.011979467,0.65098196,0.63608176,-5.983156434,5,221,data/external/alexandria_hull_structures/pbe_2025.07.02/CoSi3Y_agm002604652.cif
pbe_2025.07.02,CoSi3Y,agm002604651,1.6928436,2.355805,2.3409047,-4.2783333820000005,5,221,data/external/alexandria_hull_structures/pbe_2025.07.02/CoSi3Y_agm002604651.cif
pbe_2025.07.02,CoSiY,agm002241581,-0.7470917,0.0,-0.038328137,-7.083708971666667,6,129,data/external/alexandria_hull_structures/pbe_2025.07.02/CoSiY_agm002241581.cif
pbe_2025.07.02,CoSiY,agm002187282,-0.71602505,0.03106664,-0.007261527,-7.05264236,12,62,data/external/alexandria_hull_structures/pbe_2025.07.02/CoSiY_agm002187282.cif
pbe_2025.07.02,CoSiY,agm001012353,-0.68912506,0.05796664,0.01963847,-7.025742363333333,6,139,data/external/alexandria_hull_structures/pbe_2025.07.02/CoSiY_agm001012353.cif
pbe_2025.07.02,CoSiY,agm002318754,-0.6525692,0.094522566,0.056194395,-6.9891864366666665,12,198,data/external/alexandria_hull_structures/pbe_2025.07.02/CoSiY_agm002318754.cif
pbe_2025.07.02,CoSiY,agm002241582,-0.64067024,0.10642149,0.06809332,-6.97728751,12,194,data/external/alexandria_hull_structures/pbe_2025.07.02/CoSiY_agm002241582.cif
pbe_2025.07.02,CoSiY,agm004093515,-0.63167614,0.11541556,0.07708739,-6.968293443333334,3,187,data/external/alexandria_hull_structures/pbe_2025.07.02/CoSiY_agm004093515.cif
pbe_2025.07.02,CoSiY,agm004182629,-0.35670838,0.39038333,0.35205516,-6.693325663333333,3,107,data/external/alexandria_hull_structures/pbe_2025.07.02/CoSiY_agm004182629.cif
pbe_2025.07.02,CoSiY,agm004182624,-0.28896,0.4581317,0.41980353,-6.6255772933333335,3,216,data/external/alexandria_hull_structures/pbe_2025.07.02/CoSiY_agm004182624.cif
pbe_2025.07.02,CoSiY,agm004182603,-0.10844174,0.63865,0.6003218,-6.445059016666666,3,216,data/external/alexandria_hull_structures/pbe_2025.07.02/CoSiY_agm004182603.cif
pbe_2025.07.02,CoSiY,agm004052845,0.57026416,1.3173559,1.2790277,-5.766353136666667,3,216,data/external/alexandria_hull_structures/pbe_2025.07.02/CoSiY_agm004052845.cif
pbe_2025.07.02,Cu5GePd6,agm006065526,-0.22127326,0.0,-0.015907938,-4.935777306666666,12,71,data/external/alexandria_hull_structures/pbe_2025.07.02/Cu5GePd6_agm006065526.cif
pbe_2025.07.02,Cu5GePd6,agm003674995,-0.21722318,0.004050279,-0.011857851,-4.931727220833333,12,65,data/external/alexandria_hull_structures/pbe_2025.07.02/Cu5GePd6_agm003674995.cif
pbe_2025.07.02,CuNb3Zr2,agm034876253,0.014151675,0.072862044,0.072862044,-8.563428825,6,166,data/external/alexandria_hull_structures/pbe_2025.07.02/CuNb3Zr2_agm034876253.cif
pbe_2025.07.02,CuSnY,agm003062255,-0.59838504,0.0,-0.06964119,-5.473663335,6,186,data/external/alexandria_hull_structures/pbe_2025.07.02/CuSnY_agm003062255.cif
pbe_2025.07.02,CuSnY,agm002334691,-0.58847755,0.009907687,-0.059733428,-5.463755646666667,3,216,data/external/alexandria_hull_structures/pbe_2025.07.02/CuSnY_agm002334691.cif
pbe_2025.07.02,CuSnY,agm002147098,-0.57463056,0.02375465,-0.045886464,-5.449908682499999,12,62,data/external/alexandria_hull_structures/pbe_2025.07.02/CuSnY_agm002147098.cif
pbe_2025.07.02,CuSnY,agm003062265,-0.56070006,0.037685156,-0.03195596,-5.435978176666667,6,129,data/external/alexandria_hull_structures/pbe_2025.07.02/CuSnY_agm003062265.cif
pbe_2025.07.02,CuSnY,agm002267849,-0.5427758,0.055609412,-0.014031703,-5.418053919999999,6,187,data/external/alexandria_hull_structures/pbe_2025.07.02/CuSnY_agm002267849.cif
pbe_2025.07.02,CuSnY,agm003599950,-0.5319924,0.06639284,-0.0032482794,-5.4072704966666665,12,62,data/external/alexandria_hull_structures/pbe_2025.07.02/CuSnY_agm003599950.cif
pbe_2025.07.02,CuSnY,agm003062259,-0.5305642,0.06782104,-0.0018200728,-5.40584229,6,44,data/external/alexandria_hull_structures/pbe_2025.07.02/CuSnY_agm003062259.cif
pbe_2025.07.02,CuSnY,agm001262334,-0.5247719,0.0736133,0.003972184,-5.400050033333333,3,187,data/external/alexandria_hull_structures/pbe_2025.07.02/CuSnY_agm001262334.cif
pbe_2025.07.02,CuSnY,agm003062267,-0.4956526,0.10273263,0.033091515,-5.3709307016666665,6,12,data/external/alexandria_hull_structures/pbe_2025.07.02/CuSnY_agm003062267.cif
pbe_2025.07.02,CuSnY,agm002209074,-0.49440393,0.10398129,0.034340166,-5.36968205,9,189,data/external/alexandria_hull_structures/pbe_2025.07.02/CuSnY_agm002209074.cif
pbe_2025.07.02,CuSnY,agm003062262,-0.4640792,0.13430603,0.06466491,-5.339357306666667,6,109,data/external/alexandria_hull_structures/pbe_2025.07.02/CuSnY_agm003062262.cif
pbe_2025.07.02,CuSnY,agm003062256,-0.43972236,0.15866286,0.08902174,-5.3150004766666665,6,131,data/external/alexandria_hull_structures/pbe_2025.07.02/CuSnY_agm003062256.cif
pbe_2025.07.02,CuSnY,agm003062271,-0.4316627,0.16672252,0.097081415,-5.306940805,6,139,data/external/alexandria_hull_structures/pbe_2025.07.02/CuSnY_agm003062271.cif
pbe_2025.07.02,CuSnY,agm003062272,-0.39966065,0.19872457,0.12908345,-5.274938766666667,6,12,data/external/alexandria_hull_structures/pbe_2025.07.02/CuSnY_agm003062272.cif
pbe_2025.07.02,CuSnY,agm003062260,-0.39594036,0.20244487,0.13280375,-5.271218461666667,6,8,data/external/alexandria_hull_structures/pbe_2025.07.02/CuSnY_agm003062260.cif
pbe_2025.07.02,CuSnY,agm003062258,-0.3870796,0.21130563,0.14166452,-5.262357698333333,6,63,data/external/alexandria_hull_structures/pbe_2025.07.02/CuSnY_agm003062258.cif
pbe_2025.07.02,CuSnY,agm003062257,-0.37304512,0.22534011,0.155699,-5.248323216666667,6,46,data/external/alexandria_hull_structures/pbe_2025.07.02/CuSnY_agm003062257.cif
pbe_2025.07.02,CuSnY,agm003062270,-0.36929828,0.22908695,0.15944582,-5.244576388333333,6,74,data/external/alexandria_hull_structures/pbe_2025.07.02/CuSnY_agm003062270.cif
pbe_2025.07.02,CuSnY,agm003062264,-0.3648745,0.23351072,0.1638696,-5.240152615,6,8,data/external/alexandria_hull_structures/pbe_2025.07.02/CuSnY_agm003062264.cif
pbe_2025.07.02,CuSnY,agm003062261,-0.3059555,0.29242975,0.22278862,-5.1812336,6,25,data/external/alexandria_hull_structures/pbe_2025.07.02/CuSnY_agm003062261.cif
pbe_2025.07.02,CuSnY,agm003062281,-0.2566056,0.34177965,0.27213854,-5.131883691666666,12,62,data/external/alexandria_hull_structures/pbe_2025.07.02/CuSnY_agm003062281.cif
pbe_2025.07.02,CuSnY,agm003062276,-0.20134278,0.39704245,0.32740134,-5.076620888333333,6,194,data/external/alexandria_hull_structures/pbe_2025.07.02/CuSnY_agm003062276.cif
pbe_2025.07.02,CuSnY,agm003062278,-0.19670145,0.40168378,0.33204266,-5.071979566666667,3,216,data/external/alexandria_hull_structures/pbe_2025.07.02/CuSnY_agm003062278.cif
pbe_2025.07.02,CuSnY,agm001019016,-0.15206502,0.4463202,0.3766791,-5.0273431366666665,6,160,data/external/alexandria_hull_structures/pbe_2025.07.02/CuSnY_agm001019016.cif
pbe_2025.07.02,CuSnY,agm003062273,-0.05951427,0.53887093,0.46922985,-4.934792381666667,6,129,data/external/alexandria_hull_structures/pbe_2025.07.02/CuSnY_agm003062273.cif
pbe_2025.07.02,CuSnY,agm003062279,0.13852623,0.7369115,0.66727036,-4.73675188,3,216,data/external/alexandria_hull_structures/pbe_2025.07.02/CuSnY_agm003062279.cif
pbe_2025.07.02,GaHf2Nb,agm001136779,-0.24998312,0.06102026,0.06102026,-8.50146761,4,123,data/external/alexandria_hull_structures/pbe_2025.07.02/GaHf2Nb_agm001136779.cif
pbe_2025.07.02,GaHf2Nb,agm001206297,-0.22414884,0.08685453,0.08685453,-8.4756333375,4,123,data/external/alexandria_hull_structures/pbe_2025.07.02/GaHf2Nb_agm001206297.cif
pbe_2025.07.02,GaHf2Nb,agm002677576,-0.15745789,0.15354548,0.15354548,-8.4089423875,4,225,data/external/alexandria_hull_structures/pbe_2025.07.02/GaHf2Nb_agm002677576.cif
pbe_2025.07.02,GaHf2Nb,agm001952651,-0.045178764,0.26582462,0.26582462,-8.296663265,4,166,data/external/alexandria_hull_structures/pbe_2025.07.02/GaHf2Nb_agm001952651.cif
pbe_2025.07.02,GaHf2Nb,agm005117375,-0.03419453,0.27680883,0.27680883,-8.2856790275,4,160,data/external/alexandria_hull_structures/pbe_2025.07.02/GaHf2Nb_agm005117375.cif
pbe_2025.07.02,GaHf2Nb,agm002832024,0.30725503,0.6182584,0.6182584,-7.94422946625,8,122,data/external/alexandria_hull_structures/pbe_2025.07.02/GaHf2Nb_agm002832024.cif
pbe_2025.07.02,GaNbZr2,agm001136782,-0.27251086,0.0783211,0.0783211,-7.821350615,4,123,data/external/alexandria_hull_structures/pbe_2025.07.02/GaNbZr2_agm001136782.cif
pbe_2025.07.02,GaNbZr2,agm001206904,-0.25771657,0.09311541,0.09311541,-7.806556305,4,123,data/external/alexandria_hull_structures/pbe_2025.07.02/GaNbZr2_agm001206904.cif
pbe_2025.07.02,GaNbZr2,agm001091055,-0.18978408,0.16104788,0.16104788,-7.7386238325,4,225,data/external/alexandria_hull_structures/pbe_2025.07.02/GaNbZr2_agm001091055.cif
pbe_2025.07.02,GaNbZr2,agm001952653,-0.040990647,0.3098413,0.3098413,-7.5898303975,4,166,data/external/alexandria_hull_structures/pbe_2025.07.02/GaNbZr2_agm001952653.cif
pbe_2025.07.02,GaNbZr2,agm002832659,0.21652591,0.5673579,0.5673579,-7.3323138325,8,122,data/external/alexandria_hull_structures/pbe_2025.07.02/GaNbZr2_agm002832659.cif
pbe_2025.07.02,GdCo4Sn6,agm002206773,-0.25365674,0.0,-0.01124756,-6.307569060909091,11,121,data/external/alexandria_hull_structures/pbe_2025.07.02/GdCo4Sn6_agm002206773.cif
pbe_2025.07.02,GdFeGe2,agm002212835,-0.53940344,0.0,-0.0062830546,-8.4839799475,8,11,data/external/alexandria_hull_structures/pbe_2025.07.02/GdFeGe2_agm002212835.cif
pbe_2025.07.02,GdFeGe2,agm001926523,-0.466792,0.07261151,0.06632841,-8.41136849,4,166,data/external/alexandria_hull_structures/pbe_2025.07.02/GdFeGe2_agm001926523.cif
pbe_2025.07.02,GdFeGe3,agm002150912,-0.47418156,0.0,-0.039861366,-7.7533148679999995,5,107,data/external/alexandria_hull_structures/pbe_2025.07.02/GdFeGe3_agm002150912.cif
pbe_2025.07.02,GdGePt2,agm077800246,-0.99631256,0.0,-0.024963798,-8.714891056875,16,62,data/external/alexandria_hull_structures/pbe_2025.07.02/GdGePt2_agm077800246.cif
pbe_2025.07.02,GdGePt2,agm002215561,-0.9874924,0.008820366,-0.016559383,-8.70607088375,8,63,data/external/alexandria_hull_structures/pbe_2025.07.02/GdGePt2_agm002215561.cif
pbe_2025.07.02,GdGePt2,agm001924147,-0.84399045,0.15232228,0.12694253,-8.5625689675,4,166,data/external/alexandria_hull_structures/pbe_2025.07.02/GdGePt2_agm001924147.cif
pbe_2025.07.02,Hf2MoIr,agm002703150,-0.61163276,0.0037106625,0.0037106625,-10.511376525,4,225,data/external/alexandria_hull_structures/pbe_2025.07.02/Hf2MoIr_agm002703150.cif
pbe_2025.07.02,Hf2MoIr,agm001215668,-0.6030833,0.012260145,0.012260145,-10.5028270425,4,123,data/external/alexandria_hull_structures/pbe_2025.07.02/Hf2MoIr_agm001215668.cif
pbe_2025.07.02,Hf2MoIr,agm001143134,-0.57766265,0.037680764,0.037680764,-10.477406425,4,123,data/external/alexandria_hull_structures/pbe_2025.07.02/Hf2MoIr_agm001143134.cif
pbe_2025.07.02,Hf2MoIr,agm002856991,0.13515,0.7504934,0.7504934,-9.7645937525,8,122,data/external/alexandria_hull_structures/pbe_2025.07.02/Hf2MoIr_agm002856991.cif
pbe_2025.07.02,Hf2MoNb,agm001149753,0.040085506,0.12096543,0.12096543,-10.161846995,4,123,data/external/alexandria_hull_structures/pbe_2025.07.02/Hf2MoNb_agm001149753.cif
pbe_2025.07.02,Hf2MoNb,agm001216974,0.06729456,0.14817448,0.14817448,-10.1346379425,4,123,data/external/alexandria_hull_structures/pbe_2025.07.02/Hf2MoNb_agm001216974.cif
pbe_2025.07.02,Hf2MoNb,agm002713581,0.06738114,0.14826107,0.14826107,-10.134551355,4,225,data/external/alexandria_hull_structures/pbe_2025.07.02/Hf2MoNb_agm002713581.cif
pbe_2025.07.02,Hf2MoNb,agm001965489,0.5217989,0.60267884,0.60267884,-9.6801336,4,166,data/external/alexandria_hull_structures/pbe_2025.07.02/Hf2MoNb_agm001965489.cif
pbe_2025.07.02,Hf2MoNb,agm002867084,0.6051705,0.6860504,0.6860504,-9.596762025,8,122,data/external/alexandria_hull_structures/pbe_2025.07.02/Hf2MoNb_agm002867084.cif
pbe_2025.07.02,Hf2MoRe3,agm034635630,-0.34599155,0.00010506444,0.00010506444,-11.69303938,12,194,data/external/alexandria_hull_structures/pbe_2025.07.02/Hf2MoRe3_agm034635630.cif
pbe_2025.07.02,Hf2MoRe3,agm005845964,-0.32141617,0.024680441,0.024680441,-11.668464003333334,6,166,data/external/alexandria_hull_structures/pbe_2025.07.02/Hf2MoRe3_agm005845964.cif
pbe_2025.07.02,Hf2MoTi,agm001116559,0.02279577,0.111841686,0.111841686,-9.6354295625,4,123,data/external/alexandria_hull_structures/pbe_2025.07.02/Hf2MoTi_agm001116559.cif
pbe_2025.07.02,Hf2MoTi,agm001228961,0.033534884,0.122580804,0.122580804,-9.6246904475,4,123,data/external/alexandria_hull_structures/pbe_2025.07.02/Hf2MoTi_agm001228961.cif
pbe_2025.07.02,Hf2MoTi,agm002745995,0.040437374,0.12948328,0.12948328,-9.61778796,4,225,data/external/alexandria_hull_structures/pbe_2025.07.02/Hf2MoTi_agm002745995.cif
pbe_2025.07.02,Hf2MoTi,agm001928042,0.20915227,0.2981982,0.2981982,-9.449073065,4,166,data/external/alexandria_hull_structures/pbe_2025.07.02/Hf2MoTi_agm001928042.cif
pbe_2025.07.02,Hf2MoTi,agm002898939,0.56382114,0.6528671,0.6528671,-9.0944041875,8,122,data/external/alexandria_hull_structures/pbe_2025.07.02/Hf2MoTi_agm002898939.cif
pbe_2025.07.02,HfMo2Zr,agm001150856,0.026866674,0.16389443,0.16389443,-10.01408295,4,123,data/external/alexandria_hull_structures/pbe_2025.07.02/HfMo2Zr_agm001150856.cif
pbe_2025.07.02,HfMo2Zr,agm002753637,0.034393568,0.17142132,0.17142132,-10.0065560575,4,225,data/external/alexandria_hull_structures/pbe_2025.07.02/HfMo2Zr_agm002753637.cif
pbe_2025.07.02,HfMo2Zr,agm001233882,0.03708403,0.17411178,0.17411178,-10.0038655925,4,123,data/external/alexandria_hull_structures/pbe_2025.07.02/HfMo2Zr_agm001233882.cif
pbe_2025.07.02,HfMo2Zr,agm002906462,0.64086396,0.77789176,0.77789176,-9.4000856475,8,122,data/external/alexandria_hull_structures/pbe_2025.07.02/HfMo2Zr_agm002906462.cif
pbe_2025.07.02,HfMoTa2,agm005712792,-0.07417075,0.04370025,0.04370025,-11.19662475,4,71,data/external/alexandria_hull_structures/pbe_2025.07.02/HfMoTa2_agm005712792.cif
pbe_2025.07.02,HfMoTa2,agm001146490,-0.036027987,0.08184302,0.08184302,-11.158481985,4,123,data/external/alexandria_hull_structures/pbe_2025.07.02/HfMoTa2_agm001146490.cif
pbe_2025.07.02,HfMoTa2,agm002703165,0.04476442,0.16263542,0.16263542,-11.07768958,4,225,data/external/alexandria_hull_structures/pbe_2025.07.02/HfMoTa2_agm002703165.cif
pbe_2025.07.02,HfMoTa2,agm001215677,0.058901224,0.17677222,0.17677222,-11.063552775,4,123,data/external/alexandria_hull_structures/pbe_2025.07.02/HfMoTa2_agm001215677.cif
pbe_2025.07.02,HfMoTa2,agm001962933,0.21365823,0.33152923,0.33152923,-10.9087957775,4,166,data/external/alexandria_hull_structures/pbe_2025.07.02/HfMoTa2_agm001962933.cif
pbe_2025.07.02,HfMoTa2,agm002857007,0.6100103,0.7278813,0.7278813,-10.51244369875,8,122,data/external/alexandria_hull_structures/pbe_2025.07.02/HfMoTa2_agm002857007.cif
pbe_2025.07.02,HfMoTi,agm070563051,-0.092512146,0.026215743,0.026215743,-9.65233459,6,74,data/external/alexandria_hull_structures/pbe_2025.07.02/HfMoTi_agm070563051.cif
pbe_2025.07.02,HfMoTi,agm001004574,-0.06643532,0.052292563,0.052292563,-9.626257769166667,12,38,data/external/alexandria_hull_structures/pbe_2025.07.02/HfMoTi_agm001004574.cif
pbe_2025.07.02,HfMoTi,agm003604638,-0.06421692,0.05451097,0.05451097,-9.624039363333333,6,63,data/external/alexandria_hull_structures/pbe_2025.07.02/HfMoTi_agm003604638.cif
pbe_2025.07.02,HfMoTi,agm005651259,-0.052265927,0.066461965,0.066461965,-9.61208837,3,107,data/external/alexandria_hull_structures/pbe_2025.07.02/HfMoTi_agm005651259.cif
pbe_2025.07.02,HfMoTi,agm001259753,-0.03309261,0.085635275,0.085635275,-9.592915056666667,3,156,data/external/alexandria_hull_structures/pbe_2025.07.02/HfMoTi_agm001259753.cif
pbe_2025.07.02,HfTa4Zr,agm001177718,0.06958866,0.07464849,0.07464849,-10.915765091666666,6,216,data/external/alexandria_hull_structures/pbe_2025.07.02/HfTa4Zr_agm001177718.cif
pbe_2025.07.02,La2PdAu2,agm003403475,-0.8439034,0.011919355,0.011919355,-5.164390645,10,12,data/external/alexandria_hull_structures/pbe_2025.07.02/La2PdAu2_agm003403475.cif
pbe_2025.07.02,La2PdAu2,agm045642044,-0.8351688,0.020653985,0.020653985,-5.155656014,5,38,data/external/alexandria_hull_structures/pbe_2025.07.02/La2PdAu2_agm045642044.cif
pbe_2025.07.02,La2PdAu2,agm003009078,-0.7505157,0.10530706,0.10530706,-5.071002941,10,127,data/external/alexandria_hull_structures/pbe_2025.07.02/La2PdAu2_agm003009078.cif
pbe_2025.07.02,La2PdAu2,agm003009079,-0.5864687,0.2693541,0.2693541,-4.906955908,10,127,data/external/alexandria_hull_structures/pbe_2025.07.02/La2PdAu2_agm003009079.cif
pbe_2025.07.02,La2PdAu2,agm002940692,-0.5602515,0.29557133,0.29557133,-4.88073867,5,139,data/external/alexandria_hull_structures/pbe_2025.07.02/La2PdAu2_agm002940692.cif
pbe_2025.07.02,LaNiSi3,agm002186826,-0.6750177,0.0,-0.0052140765,-6.07109161,5,107,data/external/alexandria_hull_structures/pbe_2025.07.02/LaNiSi3_agm002186826.cif
pbe_2025.07.02,LaNiSi3,agm002186827,-0.63410854,0.04090894,0.035695072,-6.030182460000001,10,65,data/external/alexandria_hull_structures/pbe_2025.07.02/LaNiSi3_agm002186827.cif
pbe_2025.07.02,LaNiSi3,agm003719003,-0.53231937,0.14269814,0.13748427,-5.928393268,10,31,data/external/alexandria_hull_structures/pbe_2025.07.02/LaNiSi3_agm003719003.cif
pbe_2025.07.02,LaNiSi3,agm002599868,-0.123055845,0.55196166,0.5467478,-5.519129742,5,221,data/external/alexandria_hull_structures/pbe_2025.07.02/LaNiSi3_agm002599868.cif
pbe_2025.07.02,LaNiSi3,agm002599867,1.8541986,2.529216,2.5240023,-3.5418753100000004,5,221,data/external/alexandria_hull_structures/pbe_2025.07.02/LaNiSi3_agm002599867.cif
pbe_2025.07.02,MnAl2Au6,agm003494984,-0.24852717,0.0031996612,0.0031996612,-4.284619727777778,9,12,data/external/alexandria_hull_structures/pbe_2025.07.02/MnAl2Au6_agm003494984.cif
pbe_2025.07.02,Mo3NbTi2,agm005706219,-0.08385784,0.05910258,0.05910258,-9.809345955,12,65,data/external/alexandria_hull_structures/pbe_2025.07.02/Mo3NbTi2_agm005706219.cif
pbe_2025.07.02,Mo3NbTi2,agm003413956,-0.07960265,0.06335777,0.06335777,-9.805090765000001,12,74,data/external/alexandria_hull_structures/pbe_2025.07.02/Mo3NbTi2_agm003413956.cif
pbe_2025.07.02,MoNb2Ta,agm013635930,-0.110498674,0.003138825,0.003138825,-10.816311175,4,71,data/external/alexandria_hull_structures/pbe_2025.07.02/MoNb2Ta_agm013635930.cif
pbe_2025.07.02,MoNb2Ta,agm084073301,-0.09734137,0.016296128,0.016296128,-10.8031538725,4,99,data/external/alexandria_hull_structures/pbe_2025.07.02/MoNb2Ta_agm084073301.cif
pbe_2025.07.02,MoNb2Ta,agm005594220,-0.09229738,0.021340117,0.021340117,-10.79810988375,8,139,data/external/alexandria_hull_structures/pbe_2025.07.02/MoNb2Ta_agm005594220.cif
pbe_2025.07.02,MoNb2Ta,agm001146426,-0.08282382,0.030813677,0.030813677,-10.7886363225,4,123,data/external/alexandria_hull_structures/pbe_2025.07.02/MoNb2Ta_agm001146426.cif
pbe_2025.07.02,MoNb2Ta,agm052264089,-0.081015356,0.032622147,0.032622147,-10.7868278525,4,216,data/external/alexandria_hull_structures/pbe_2025.07.02/MoNb2Ta_agm052264089.cif
pbe_2025.07.02,MoNb2Ta,agm001216838,-0.06199522,0.05164228,0.05164228,-10.76780772,4,123,data/external/alexandria_hull_structures/pbe_2025.07.02/MoNb2Ta_agm001216838.cif
pbe_2025.07.02,MoNb2Ta,agm001094713,-0.057026625,0.056610875,0.056610875,-10.762839125,4,225,data/external/alexandria_hull_structures/pbe_2025.07.02/MoNb2Ta_agm001094713.cif
pbe_2025.07.02,MoNb2Ta,agm003615201,0.19243422,0.30607173,0.30607173,-10.51337827375,8,63,data/external/alexandria_hull_structures/pbe_2025.07.02/MoNb2Ta_agm003615201.cif
pbe_2025.07.02,MoNb2Ta,agm001962893,0.24036524,0.35400274,0.35400274,-10.46544727,4,166,data/external/alexandria_hull_structures/pbe_2025.07.02/MoNb2Ta_agm001962893.cif
pbe_2025.07.02,MoNb2Ta,agm002866635,0.6274159,0.7410534,0.7410534,-10.07839659875,8,122,data/external/alexandria_hull_structures/pbe_2025.07.02/MoNb2Ta_agm002866635.cif
pbe_2025.07.02,MoNb2Ta,agm004390400,0.6547177,0.7683552,0.7683552,-10.05109481,4,71,data/external/alexandria_hull_structures/pbe_2025.07.02/MoNb2Ta_agm004390400.cif
pbe_2025.07.02,MoNbRu2,agm001810600,-0.025129585,0.13828033,0.13828033,-9.888265585,4,123,data/external/alexandria_hull_structures/pbe_2025.07.02/MoNbRu2_agm001810600.cif
pbe_2025.07.02,MoNbRu2,agm001216979,-0.01981067,0.14359926,0.14359926,-9.88294667,4,123,data/external/alexandria_hull_structures/pbe_2025.07.02/MoNbRu2_agm001216979.cif
pbe_2025.07.02,MoNbRu2,agm005106793,0.058100127,0.22151005,0.22151005,-9.805035875,4,160,data/external/alexandria_hull_structures/pbe_2025.07.02/MoNbRu2_agm005106793.cif
pbe_2025.07.02,MoNbRu2,agm015608521,0.059844244,0.22325416,0.22325416,-9.8032917575,4,123,data/external/alexandria_hull_structures/pbe_2025.07.02/MoNbRu2_agm015608521.cif
pbe_2025.07.02,MoNbRu2,agm002713593,0.10696826,0.2703782,0.2703782,-9.756167735,4,225,data/external/alexandria_hull_structures/pbe_2025.07.02/MoNbRu2_agm002713593.cif
pbe_2025.07.02,MoNbRu2,agm002867095,0.64577585,0.8091858,0.8091858,-9.21736013375,8,122,data/external/alexandria_hull_structures/pbe_2025.07.02/MoNbRu2_agm002867095.cif
pbe_2025.07.02,MoNbTa2,agm001146425,-0.107642636,0.018261112,0.018261112,-11.2591761375,4,123,data/external/alexandria_hull_structures/pbe_2025.07.02/MoNbTa2_agm001146425.cif
pbe_2025.07.02,MoNbTa2,agm084813042,-0.096340366,0.029563384,0.029563384,-11.247873865,4,99,data/external/alexandria_hull_structures/pbe_2025.07.02/MoNbTa2_agm084813042.cif
pbe_2025.07.02,MoNbTa2,agm002713596,-0.092861064,0.033042688,0.033042688,-11.2443945625,4,225,data/external/alexandria_hull_structures/pbe_2025.07.02/MoNbTa2_agm002713596.cif
pbe_2025.07.02,MoNbTa2,agm001216980,-0.09241918,0.03348457,0.03348457,-11.2439526775,4,123,data/external/alexandria_hull_structures/pbe_2025.07.02/MoNbTa2_agm001216980.cif
pbe_2025.07.02,MoNbTa2,agm005594212,0.25432813,0.3802319,0.3802319,-10.897205375,4,38,data/external/alexandria_hull_structures/pbe_2025.07.02/MoNbTa2_agm005594212.cif
pbe_2025.07.02,MoNbTa2,agm003615202,0.3059747,0.43187845,0.43187845,-10.845558815,4,38,data/external/alexandria_hull_structures/pbe_2025.07.02/MoNbTa2_agm003615202.cif
pbe_2025.07.02,MoNbTa2,agm002867098,0.66250986,0.78841364,0.78841364,-10.4890236175,8,122,data/external/alexandria_hull_structures/pbe_2025.07.02/MoNbTa2_agm002867098.cif
pbe_2025.07.02,MoNbTa2,agm005231744,0.7006517,0.82655543,0.82655543,-10.4508817975,4,71,data/external/alexandria_hull_structures/pbe_2025.07.02/MoNbTa2_agm005231744.cif
pbe_2025.07.02,MoNbZr2,agm001149756,0.08236342,0.15546839,0.15546839,-9.4169243275,4,123,data/external/alexandria_hull_structures/pbe_2025.07.02/MoNbZr2_agm001149756.cif
pbe_2025.07.02,MoNbZr2,agm001101615,0.10142689,0.17453186,0.17453186,-9.397860855,4,225,data/external/alexandria_hull_structures/pbe_2025.07.02/MoNbZr2_agm001101615.cif
pbe_2025.07.02,MoNbZr2,agm001233448,0.1041942,0.17729917,0.17729917,-9.3950935475,4,123,data/external/alexandria_hull_structures/pbe_2025.07.02/MoNbZr2_agm001233448.cif
pbe_2025.07.02,MoNbZr2,agm002906000,0.57114846,0.64425343,0.64425343,-8.9281392675,8,122,data/external/alexandria_hull_structures/pbe_2025.07.02/MoNbZr2_agm002906000.cif
pbe_2025.07.02,MoTaZr2,agm003183381,-0.015693633,0.085875615,0.085875615,-9.9607023825,4,99,data/external/alexandria_hull_structures/pbe_2025.07.02/MoTaZr2_agm003183381.cif
pbe_2025.07.02,MoTaZr2,agm004295841,0.0012339875,0.10280324,0.10280324,-9.9437747625,4,44,data/external/alexandria_hull_structures/pbe_2025.07.02/MoTaZr2_agm004295841.cif
pbe_2025.07.02,MoTaZr2,agm004295739,0.057102777,0.15867203,0.15867203,-9.8879059725,4,35,data/external/alexandria_hull_structures/pbe_2025.07.02/MoTaZr2_agm004295739.cif
pbe_2025.07.02,MoTaZr2,agm004295842,0.06251921,0.16408846,0.16408846,-9.8824895425,4,6,data/external/alexandria_hull_structures/pbe_2025.07.02/MoTaZr2_agm004295842.cif
pbe_2025.07.02,MoTaZr2,agm004295844,0.06409093,0.16566017,0.16566017,-9.88091782,4,71,data/external/alexandria_hull_structures/pbe_2025.07.02/MoTaZr2_agm004295844.cif
pbe_2025.07.02,MoTaZr2,agm004274183,0.09004523,0.19161448,0.19161448,-9.85496352,4,216,data/external/alexandria_hull_structures/pbe_2025.07.02/MoTaZr2_agm004274183.cif
pbe_2025.07.02,MoTaZr2,agm004295861,0.10513391,0.20670317,0.20670317,-9.839874835,4,10,data/external/alexandria_hull_structures/pbe_2025.07.02/MoTaZr2_agm004295861.cif
pbe_2025.07.02,MoTaZr2,agm004295811,0.11530818,0.21687743,0.21687743,-9.8297005675,4,47,data/external/alexandria_hull_structures/pbe_2025.07.02/MoTaZr2_agm004295811.cif
pbe_2025.07.02,MoTaZr2,agm004295843,0.11800629,0.21957554,0.21957554,-9.82700246,4,123,data/external/alexandria_hull_structures/pbe_2025.07.02/MoTaZr2_agm004295843.cif
pbe_2025.07.02,MoTaZr2,agm004295752,0.12297293,0.22454219,0.22454219,-9.82203582,4,65,data/external/alexandria_hull_structures/pbe_2025.07.02/MoTaZr2_agm004295752.cif
pbe_2025.07.02,MoTaZr2,agm004295873,0.13429646,0.23586571,0.23586571,-9.810712285,4,12,data/external/alexandria_hull_structures/pbe_2025.07.02/MoTaZr2_agm004295873.cif
pbe_2025.07.02,MoTaZr2,agm002753151,0.15247738,0.25404665,0.25404665,-9.79253136,4,225,data/external/alexandria_hull_structures/pbe_2025.07.02/MoTaZr2_agm002753151.cif
pbe_2025.07.02,MoTaZr2,agm004295848,0.17355667,0.27512592,0.27512592,-9.77145208,4,160,data/external/alexandria_hull_structures/pbe_2025.07.02/MoTaZr2_agm004295848.cif
pbe_2025.07.02,MoTaZr2,agm004295824,0.21885444,0.3204237,0.3204237,-9.726154305,4,139,data/external/alexandria_hull_structures/pbe_2025.07.02/MoTaZr2_agm004295824.cif
pbe_2025.07.02,MoTaZr2,agm004295749,0.23926017,0.3408294,0.3408294,-9.7057485875,4,47,data/external/alexandria_hull_structures/pbe_2025.07.02/MoTaZr2_agm004295749.cif
pbe_2025.07.02,MoTaZr2,agm004274297,0.2446279,0.34619716,0.34619716,-9.70038085,4,25,data/external/alexandria_hull_structures/pbe_2025.07.02/MoTaZr2_agm004274297.cif
pbe_2025.07.02,MoTaZr2,agm004295812,0.24571522,0.34728447,0.34728447,-9.699293535,4,65,data/external/alexandria_hull_structures/pbe_2025.07.02/MoTaZr2_agm004295812.cif
pbe_2025.07.02,MoTaZr2,agm004295728,0.2715682,0.37313744,0.37313744,-9.6734405525,4,123,data/external/alexandria_hull_structures/pbe_2025.07.02/MoTaZr2_agm004295728.cif
pbe_2025.07.02,MoTaZr2,agm003883891,0.28522825,0.3867975,0.3867975,-9.6597805025,4,166,data/external/alexandria_hull_structures/pbe_2025.07.02/MoTaZr2_agm003883891.cif
pbe_2025.07.02,MoTaZr2,agm002905983,0.63813394,0.73970324,0.73970324,-9.30687479,8,122,data/external/alexandria_hull_structures/pbe_2025.07.02/MoTaZr2_agm002905983.cif
pbe_2025.07.02,MoTi2Ta,agm003614854,-0.09282177,0.009229294,0.009229294,-9.7112199325,4,71,data/external/alexandria_hull_structures/pbe_2025.07.02/MoTi2Ta_agm003614854.cif
pbe_2025.07.02,MoTi2Ta,agm005709033,-0.017613927,0.08443713,0.08443713,-9.636012094375,16,11,data/external/alexandria_hull_structures/pbe_2025.07.02/MoTi2Ta_agm005709033.cif
pbe_2025.07.02,MoTi2Ta,agm001116206,0.006605784,0.108656846,0.108656846,-9.6117923825,4,123,data/external/alexandria_hull_structures/pbe_2025.07.02/MoTi2Ta_agm001116206.cif
pbe_2025.07.02,MoTi2Ta,agm001228283,0.043836743,0.1458878,0.1458878,-9.5745614225,4,123,data/external/alexandria_hull_structures/pbe_2025.07.02/MoTi2Ta_agm001228283.cif
pbe_2025.07.02,MoTi2Ta,agm002744541,0.051277116,0.15332818,0.15332818,-9.5671210525,4,225,data/external/alexandria_hull_structures/pbe_2025.07.02/MoTi2Ta_agm002744541.cif
pbe_2025.07.02,MoTi2Ta,agm014551462,0.18597661,0.28802767,0.28802767,-9.432421555,4,160,data/external/alexandria_hull_structures/pbe_2025.07.02/MoTi2Ta_agm014551462.cif
pbe_2025.07.02,MoTi2Ta,agm002897506,0.4987814,0.60083246,0.60083246,-9.11961674625,8,122,data/external/alexandria_hull_structures/pbe_2025.07.02/MoTi2Ta_agm002897506.cif
pbe_2025.07.02,MoTiTa2,agm005654137,-0.077325694,0.040545307,0.040545307,-10.685152025,4,71,data/external/alexandria_hull_structures/pbe_2025.07.02/MoTiTa2_agm005654137.cif
pbe_2025.07.02,MoTiTa2,agm001116204,-0.062465895,0.055405106,0.055405106,-10.6702922275,4,123,data/external/alexandria_hull_structures/pbe_2025.07.02/MoTiTa2_agm001116204.cif
pbe_2025.07.02,MoTiTa2,agm002191224,-0.059896767,0.057974234,0.057974234,-10.6677231,4,225,data/external/alexandria_hull_structures/pbe_2025.07.02/MoTiTa2_agm002191224.cif
pbe_2025.07.02,MoTiTa2,agm001228967,-0.057264023,0.060606975,0.060606975,-10.6650903575,4,123,data/external/alexandria_hull_structures/pbe_2025.07.02/MoTiTa2_agm001228967.cif
pbe_2025.07.02,MoTiTa2,agm003614853,0.2629658,0.38083678,0.38083678,-10.344860545,4,38,data/external/alexandria_hull_structures/pbe_2025.07.02/MoTiTa2_agm003614853.cif
pbe_2025.07.02,MoTiTa2,agm002898954,0.6038685,0.7217395,0.7217395,-10.00395785625,8,122,data/external/alexandria_hull_structures/pbe_2025.07.02/MoTiTa2_agm002898954.cif
pbe_2025.07.02,MoTiTa2,agm005233367,0.61796826,0.7358393,0.7358393,-9.9898580475,4,71,data/external/alexandria_hull_structures/pbe_2025.07.02/MoTiTa2_agm005233367.cif
pbe_2025.07.02,MoTiTa2,agm003838568,0.706279,0.82414997,0.82414997,-9.90154734,4,71,data/external/alexandria_hull_structures/pbe_2025.07.02/MoTiTa2_agm003838568.cif
pbe_2025.07.02,Nb2TaZr,agm001146456,0.044555824,0.06537311,0.06537311,-10.0905153025,4,123,data/external/alexandria_hull_structures/pbe_2025.07.02/Nb2TaZr_agm001146456.cif
pbe_2025.07.02,Nb2TaZr,agm002753704,0.063014045,0.08383133,0.08383133,-10.0720570775,4,225,data/external/alexandria_hull_structures/pbe_2025.07.02/Nb2TaZr_agm002753704.cif
pbe_2025.07.02,Nb2TaZr,agm005805059,0.06760004,0.08841732,0.08841732,-10.06747108625,8,63,data/external/alexandria_hull_structures/pbe_2025.07.02/Nb2TaZr_agm005805059.cif
pbe_2025.07.02,Nb2TaZr,agm001233891,0.07724073,0.09805801,0.09805801,-10.0578304,4,123,data/external/alexandria_hull_structures/pbe_2025.07.02/Nb2TaZr_agm001233891.cif
pbe_2025.07.02,Nb2TaZr,agm002906529,0.5991818,0.61999905,0.61999905,-9.53588933875,8,122,data/external/alexandria_hull_structures/pbe_2025.07.02/Nb2TaZr_agm002906529.cif
pbe_2025.07.02,NbTa2Zr,agm001146455,0.07285408,0.08603108,0.08603108,-10.5079380475,4,123,data/external/alexandria_hull_structures/pbe_2025.07.02/NbTa2Zr_agm001146455.cif
pbe_2025.07.02,NbTa2Zr,agm002753730,0.1079543,0.1211313,0.1211313,-10.4728378225,4,225,data/external/alexandria_hull_structures/pbe_2025.07.02/NbTa2Zr_agm002753730.cif
pbe_2025.07.02,NbTa2Zr,agm001233903,0.11945811,0.13263512,0.13263512,-10.461334015,4,123,data/external/alexandria_hull_structures/pbe_2025.07.02/NbTa2Zr_agm001233903.cif
pbe_2025.07.02,NbTa2Zr,agm002906554,0.660165,0.67334205,0.67334205,-9.92062709625,8,122,data/external/alexandria_hull_structures/pbe_2025.07.02/NbTa2Zr_agm002906554.cif
pbe_2025.07.02,NiGe2Pt,agm092944371,-0.36887595,0.017938683,0.017938683,-5.645533505,4,164,data/external/alexandria_hull_structures/pbe_2025.07.02/NiGe2Pt_agm092944371.cif
pbe_2025.07.02,NiGe2Pt,agm002868588,-0.1504876,0.23632704,0.23632704,-5.4271451575,8,122,data/external/alexandria_hull_structures/pbe_2025.07.02/NiGe2Pt_agm002868588.cif
pbe_2025.07.02,NiGe2Pt,agm005102520,-0.13430266,0.25251198,0.25251198,-5.4109602175,4,160,data/external/alexandria_hull_structures/pbe_2025.07.02/NiGe2Pt_agm005102520.cif
pbe_2025.07.02,NiGe2Pt,agm002715133,-0.08091778,0.30589685,0.30589685,-5.3575753475,4,225,data/external/alexandria_hull_structures/pbe_2025.07.02/NiGe2Pt_agm002715133.cif
pbe_2025.07.02,Re4TaZr,agm005443235,-0.1887447,0.14097977,0.14097977,-11.887610111666667,6,216,data/external/alexandria_hull_structures/pbe_2025.07.02/Re4TaZr_agm005443235.cif
pbe_2025.07.02,Sc2CuPd,agm001130047,-0.5821686,0.0,-0.000674532,-6.0861295775,4,123,data/external/alexandria_hull_structures/pbe_2025.07.02/Sc2CuPd_agm001130047.cif
pbe_2025.07.02,Sc2CuPd,agm002183931,-0.5777037,0.0044650473,0.003790343,-6.0816647025,4,225,data/external/alexandria_hull_structures/pbe_2025.07.02/Sc2CuPd_agm002183931.cif
pbe_2025.07.02,Sc2CuPd,agm001222843,-0.57080203,0.01136669,0.0106919855,-6.07476306,4,123,data/external/alexandria_hull_structures/pbe_2025.07.02/Sc2CuPd_agm001222843.cif
pbe_2025.07.02,Sc2CuPd,agm015148435,-0.55129546,0.030873304,0.0301986,-6.055256445,4,38,data/external/alexandria_hull_structures/pbe_2025.07.02/Sc2CuPd_agm015148435.cif
pbe_2025.07.02,Sc2CuPd,agm002885780,-0.12276929,0.45939946,0.45872477,-5.62673029,8,122,data/external/alexandria_hull_structures/pbe_2025.07.02/Sc2CuPd_agm002885780.cif
pbe_2025.07.02,Sc2CuPd,agm002782391,0.091285944,0.6734547,0.67278,-5.412675055,4,166,data/external/alexandria_hull_structures/pbe_2025.07.02/Sc2CuPd_agm002782391.cif
pbe_2025.07.02,Sc2CuPd,agm003808006,0.24389777,0.8260665,0.8253918,-5.26006323,4,71,data/external/alexandria_hull_structures/pbe_2025.07.02/Sc2CuPd_agm003808006.cif
pbe_2025.07.02,Sc2Pd5Au,agm003466568,-0.86598885,0.0,-0.035154328,-6.104063951875,16,55,data/external/alexandria_hull_structures/pbe_2025.07.02/Sc2Pd5Au_agm003466568.cif
pbe_2025.07.02,Sc2Pd5Au,agm041087246,-0.85819966,0.0077889976,-0.027365128,-6.0962747525,8,139,data/external/alexandria_hull_structures/pbe_2025.07.02/Sc2Pd5Au_agm041087246.cif
pbe_2025.07.02,Sc3CuPd2,agm002313744,-0.68631494,0.0048549096,0.0048549096,-6.276350535,6,123,data/external/alexandria_hull_structures/pbe_2025.07.02/Sc3CuPd2_agm002313744.cif
pbe_2025.07.02,Sc3CuPd2,agm036272041,-0.6855923,0.0055775796,0.0055775796,-6.275627865000001,6,164,data/external/alexandria_hull_structures/pbe_2025.07.02/Sc3CuPd2_agm036272041.cif
pbe_2025.07.02,Sc3CuPd2,agm042758005,-0.6852772,0.005892616,0.005892616,-6.275312828333333,12,10,data/external/alexandria_hull_structures/pbe_2025.07.02/Sc3CuPd2_agm042758005.cif
pbe_2025.07.02,Sc3CuPd2,agm032593258,-0.68360025,0.0075696344,0.0075696344,-6.273635809999999,6,65,data/external/alexandria_hull_structures/pbe_2025.07.02/Sc3CuPd2_agm032593258.cif
pbe_2025.07.02,Sc3CuPd2,agm005713599,-0.6822884,0.008881443,0.008881443,-6.272324000833333,12,164,data/external/alexandria_hull_structures/pbe_2025.07.02/Sc3CuPd2_agm005713599.cif
pbe_2025.07.02,Sc3CuPd2,agm019299844,-0.6810743,0.010095555,0.010095555,-6.27110988875,24,64,data/external/alexandria_hull_structures/pbe_2025.07.02/Sc3CuPd2_agm019299844.cif
pbe_2025.07.02,Sc3CuPd2,agm015960100,-0.6799714,0.011198441,0.011198441,-6.270007004166666,12,65,data/external/alexandria_hull_structures/pbe_2025.07.02/Sc3CuPd2_agm015960100.cif
pbe_2025.07.02,ScCu4Pd,agm001184274,-0.2926303,0.003911776,0.003911776,-4.98665057,6,216,data/external/alexandria_hull_structures/pbe_2025.07.02/ScCu4Pd_agm001184274.cif
pbe_2025.07.02,ScCuPd2,agm002354501,-0.6829742,0.0047605755,0.0047605755,-5.9022593175,4,123,data/external/alexandria_hull_structures/pbe_2025.07.02/ScCuPd2_agm002354501.cif
pbe_2025.07.02,ScCuPd2,agm002238807,-0.66831666,0.019418111,0.019418111,-5.8876017825,4,139,data/external/alexandria_hull_structures/pbe_2025.07.02/ScCuPd2_agm002238807.cif
pbe_2025.07.02,ScCuPd2,agm013411856,-0.66219616,0.025538586,0.025538586,-5.8814813075,8,139,data/external/alexandria_hull_structures/pbe_2025.07.02/ScCuPd2_agm013411856.cif
pbe_2025.07.02,ScCuPd2,agm078275705,-0.6592867,0.028448073,0.028448073,-5.87857181875,8,123,data/external/alexandria_hull_structures/pbe_2025.07.02/ScCuPd2_agm078275705.cif
pbe_2025.07.02,ScCuPd2,agm002733917,-0.6184037,0.069331095,0.069331095,-5.8376888,4,225,data/external/alexandria_hull_structures/pbe_2025.07.02/ScCuPd2_agm002733917.cif
pbe_2025.07.02,ScCuPd2,agm001130048,-0.6139024,0.07383237,0.07383237,-5.833187525,4,123,data/external/alexandria_hull_structures/pbe_2025.07.02/ScCuPd2_agm001130048.cif
pbe_2025.07.02,ScCuPd2,agm002887000,-0.32489836,0.3628364,0.3628364,-5.5441835,8,122,data/external/alexandria_hull_structures/pbe_2025.07.02/ScCuPd2_agm002887000.cif
pbe_2025.07.02,ScPd2Au,agm001223908,-0.82708377,0.0,-0.0047493577,-5.8257250825,4,123,data/external/alexandria_hull_structures/pbe_2025.07.02/ScPd2Au_agm001223908.cif
pbe_2025.07.02,ScPd2Au,agm002734567,-0.71151817,0.11556551,0.11081623,-5.71015949,4,225,data/external/alexandria_hull_structures/pbe_2025.07.02/ScPd2Au_agm002734567.cif
pbe_2025.07.02,ScPd2Au,agm001140362,-0.6922271,0.13485654,0.13010727,-5.6908684575,4,123,data/external/alexandria_hull_structures/pbe_2025.07.02/ScPd2Au_agm001140362.cif
pbe_2025.07.02,ScPd2Au,agm002887646,-0.4138712,0.41321248,0.4084632,-5.4125125175,8,122,data/external/alexandria_hull_structures/pbe_2025.07.02/ScPd2Au_agm002887646.cif
pbe_2025.07.02,ScPd2Au,agm003854445,-0.1950628,0.6320209,0.6272716,-5.1937041325,4,71,data/external/alexandria_hull_structures/pbe_2025.07.02/ScPd2Au_agm003854445.cif
pbe_2025.07.02,ScPd5Au2,agm003466567,-0.47498968,0.009945231,0.009945231,-5.331293058125,16,55,data/external/alexandria_hull_structures/pbe_2025.07.02/ScPd5Au2_agm003466567.cif
pbe_2025.07.02,Ti2GePt8,agm003525868,-0.6382219,0.10302784,0.10302784,-6.921079298181818,11,71,data/external/alexandria_hull_structures/pbe_2025.07.02/Ti2GePt8_agm003525868.cif
pbe_2025.07.02,Ti2SiPt8,agm003526332,-0.7345673,0.09037012,0.09037012,-7.090666117272727,11,71,data/external/alexandria_hull_structures/pbe_2025.07.02/Ti2SiPt8_agm003526332.cif
pbe_2025.07.02,TiGePt5,agm027236946,-0.68733203,0.0,-0.04479784,-6.82339264,7,123,data/external/alexandria_hull_structures/pbe_2025.07.02/TiGePt5_agm027236946.cif
pbe_2025.07.02,TiSiPt5,agm027752216,-0.81884176,0.0,-0.040079344,-7.0699960428571424,7,123,data/external/alexandria_hull_structures/pbe_2025.07.02/TiSiPt5_agm027752216.cif
pbe_2025.07.02,ZrSiPt5,agm028612365,-0.9170844,0.0,-0.03885347,-7.261555918571429,7,123,data/external/alexandria_hull_structures/pbe_2025.07.02/ZrSiPt5_agm028612365.cif
