sample,formula,outcome,oqmd_hull_meV,oqmd_spacegroup,mp_hull_meV,mp_same,mp_spacegroup,mp_id,alex_hull_meV,alex_same,alex_spacegroup,alex_id
465,Cu5GePd6,SS,-19.6,Cmmm,,,,,-15.9,False,Immm,agm006065526
466,Hf2MoIr,SS,-12.0,Fm-3m,-9.1,True,Fm-3m,mp-864684,3.7,True,Fm-3m,agm002703150
469,ScCuPd2,SS,17.7,I4/mmm,33.2,False,Fm-3m,mp-973133,4.8,False,P4/mmm,agm002354501
473,Sc3CuPd2,SS,-3.0,P4/mmm,,,,,4.9,True,P4/mmm,agm002313744
474,Sc2CuPd,SS,4.8,Fm-3m,-1.3,True,Fm-3m,mp-1186941,-0.7,False,P4/mmm,agm001130047
477,ScPd5Au2,SS,2.8,Pbam,,,,,9.9,True,Pbam,agm003466567
478,Sc2Pd5Au,SS,-9.6,Pbam,-12.9,False,Amm2,mp-3336546,-34.7,True,Pbam,agm003466568
479,MnAl2Au6,SS,-0.6,C2/m,,,,,3.2,True,C2/m,agm003494984
481,NiGe2Pt,SS,-5.8,P2_1/m,,,,,17.9,False,P-3m1,agm092944371
535,Al8FeCo7,SS,-3.4,Pm-3m,12.1,True,Pm-3m,mp-3258444,,,,
545,Al4FeCo3,SS,-6.5,Im-3m,,,,,-3.2,False,R-3m,agm035677469
556,Gd3CoSn6,SS,-25.1,Cmcm,,,,,,,,
472,ScCu4Pd,MP,-24.2,F-43m,,,,,3.9,True,F-43m,agm001184274
475,La2PdAu2,MP,-0.8,C2/m,,,,,11.9,True,C2/m,agm003403475
476,ScPd2Au,MP,6.4,P4/mmm,2078.0,False,Immm,mp-1096660,-4.7,True,P4/mmm,agm001223908
480,GdGePt2,MP,-32.5,Cmcm,,,,,-25.4,False,Pnma,agm077800246
483,La5Al3Co2,MP,-0.7,Cmcm,,,,,,,,
491,TiGePt5,MP,-18.8,P4/mmm,,,,,-34.0,True,P4/mmm,agm027236946
492,Ti2GePt8,MP,-3.9,P4/mmm,-45.4,True,P4/mmm,mp-3343902,103.0,False,Immm,agm003525868
494,Ti2SiPt8,MP,-4.8,P4/mmm,,,,,90.4,False,Immm,agm003526332
510,B2NbNi2,MP,12.1,I4/mmm,,,,,23.0,True,I4/mmm,agm002254632
512,C2CrSc,MP,-10.0,P6_3/mmc,26.1,True,P6_3/mmc,mp-4992,26.8,True,P6_3/mmc,agm002202008
513,C2LaRu,MP,0.9,Cmcm,,,,,28.3,False,Amm2,agm003187132
514,LaNiSi3,MP,-24.7,I4mm,,,,,-5.2,True,I4mm,agm002186826
537,GdCo4Sn6,MP,-4.1,I-42m,,,,,-11.2,True,I-42m,agm002206773
538,CoSiY,MP,-42.9,P4/nmm,16.9,False,Pnma,mp-1207632,-31.1,True,P4/nmm,agm002241581
540,Al3Cu2Y,MP,-10.8,P6/mmm,,,,,-3.0,True,P6/mmm,agm002195698
553,GdFeGe3,MP,-19.0,I4mm,,,,,-30.6,True,I4mm,agm002150912
554,Gd2Fe3Ge5,MP,-8.6,C2/c,,,,,,,,
555,GdFeGe2,MP,0.2,P2_1/m,,,,,-6.3,True,P2_1/m,agm002212835
493,TiSiPt5,P,-16.5,P4/mmm,,,,,-25.6,True,P4/mmm,agm027752216
507,CuSnY,P,-69.1,P6_3mc,-69.0,True,P6_3mc,mp-13202,-69.6,True,P6_3mc,agm003062255
539,CoSi3Y,P,-17.3,I4mm,,,,,-14.9,True,I4mm,agm002316396
561,ZrSiPt5,P,-41.8,P4/mmm,-41.8,True,P4/mmm,mp-3240121,-21.5,True,P4/mmm,agm028612365
